{"cameraMode":{"drawMode":0,"name":"Shaded","section":"Shading Mode"},"sceneLighting":false,"audioPlay":false,"sceneViewState":{"showFog":true,"showMaterialUpdate":true,"showSkybox":true,"showFlares":true,"showImageEffects":true,"showParticleSystems":true},"in2DMode":false,"pivot":{"x":-2.2687957286834719,"y":0.8092375993728638,"z":2.822314977645874},"rotation":{"x":-0.0006523111369460821,"y":-0.9624796509742737,"z":0.2713651955127716,"w":-0.0023025786504149439},"size":2.928473949432373,"orthographic":false}